ID	Glosa	casos
A150 	TUBERCULOSIS PULMON, CONFIRM.POR HALLAZGO MICROSC. DE BACILO TBC EN ESPUTO, CON O SIN CULTIVO TUBERCULOSIS PULMÓN, CONFIRM.POR HALLAZGO MICROSC. DE BACILO TBC EN ESPUTO, CON O SIN CULTIVO	1671
A151 	TUBERCULOSIS DEL PULMON, CONFIRMADA UNICAMENTE POR CULTIVO TUBERCULOSIS DEL PULMÓN, CONFIRMADA ÚNICAMENTE POR CULTIVO	141
A152 	TUBERCULOSIS DEL PULMON, CONFIRMADA HISTOLOGICAMENTE TUBERCULOSIS DEL PULMÓN, CONFIRMADA HISTOLÓGICAMENTE	326
A153 	TUBERCULOSIS DEL PULMON, CONFIRMADA POR MEDIOS NO ESPECIFICADOS TUBERCULOSIS DEL PULMÓN, CONFIRMADA POR MEDIOS NO ESPECIFICADOS	215
A154 	TUBERCULOSIS DE GANGLIOS LINFATICOS INTRATORACICOS, CONFIRMADA BACTERIOLOG. E HISTOLOG. TUBERCULOSIS DE GANGLIOS LINFÁTICOS INTRATORACICOS, CONFIRMADA BACTERIOLOG. E HISTOLOG.	77
A155 	TUBERCULOSIS DE LARINGE, TRAQUEA Y BRONQUIOS, CONFIRMADA BACTERIOLOGICA E HISTOLOGICAMENTE TUBERCULOSIS DE LARINGE, TRÁQUEA Y BRONQUIOS, CONFIRMADA BACTERIOLÓGICA E HISTOLÓGICAMENTE	9
A156 	PLEURESIA TUBERCULOSA, CONFIRMADA BACTERIOLOGICA E HISTOLOGICAMENTE (TUBERCULOSIS) PLEURESÍA TUBERCULOSA, CONFIRMADA BACTERIOLÓGICA E HISTOLÓGICAMENTE (TUBERCULOSIS)	149
A157 	TUBERCULOSIS RESPIRATORIA PRIMARIA, CONFIRMADA BACTERIOLOGICA E HISTOLOGICAMENTE TUBERCULOSIS RESPIRATORIA PRIMARIA, CONFIRMADA BACTERIOLÓGICA E HISTOLÓGICAMENTE	109
A158 	OTRAS TUBERCULOSIS RESPIRATORIAS, CONFIRMADAS BACTERIOLOGICA E HISTOLOGICAMENTE OTRAS TUBERCULOSIS RESPIRATORIAS, CONFIRMADAS BACTERIOLÓGICA E HISTOLÓGICAMENTE	32
A159 	TUBERCULOSIS RESPIRATORIA NO ESPECIFICADA, CONFIRMADA BACTERIOLOGICA E HISTOLOGICAMENTE TUBERCULOSIS RESPIRATORIA NO ESPECIFICADA, CONFIRMADA BACTERIOLÓGICA E HISTOLÓGICAMENTE	148
A160 	TUBERCULOSIS DEL PULMON, CON EXAMEN BACTERIOLOGICO E HISTOLOGICO NEGATIVOS TUBERCULOSIS DEL PULMÓN, CON EXAMEN BACTERIOLÓGICO E HISTOLÓGICO NEGATIVOS	60
A161 	TUBERCULOSIS DE PULMON, SIN EXAMEN BACTERIOLOGICO E HISTOLOGICO TUBERCULOSIS DE PULMÓN, SIN EXAMEN BACTERIOLÓGICO E HISTOLÓGICO	25
A162 	TUBERCULOSIS DE PULMON, SIN MENCION DE CONFIRMACION BACTERIOLOGICA O HISTOLOGICA TUBERCULOSIS DE PULMÓN, SIN MENCIÓN DE CONFIRMACIÓN BACTERIOLÓGICA O HISTOLÓGICA	4887
A163 	TUBERCULOSIS GANGLIOS LINF. INTRATORACICOS, S/ MENCION DE CONFIRMAC BACTERIOLOG O HISTOLOG. TUBERCULOSIS GANGLIOS LINF. INTRATORACICOS, S/ MENCIÓN DE CONFIRMAC BACTERIOLOG O HISTOLOG.	34
A164 	TUBERCULOSIS DE LARINGE, TRAQUEA Y BRONQUIOS, S/MENCION DE CONFIRMAC. BACTERIOLOG. O HISTOLOG. TUBERCULOSIS DE LARINGE, TRÁQUEA Y BRONQUIOS, S/MENCIÓN DE CONFIRMAC. BACTERIOLOG. O HISTOLOG.	14
A165 	PLEURESIA TUBERCULOSA, SIN MENCION DE CONFIRMACION BACTERIOLOGICA O HISTOLOGICA PLEURESÍA TUBERCULOSA, SIN MENCIÓN DE CONFIRMACIÓN BACTERIOLÓGICA O HISTOLÓGICA	498
A167 	TUBERCULOSIS RESPIRATORIA PRIMARIA, SIN MENCION DE CONFIRMACION BACTERIOLOGICA O HISTOLOGICA TUBERCULOSIS RESPIRATORIA PRIMARIA, SIN MENCIÓN DE CONFIRMACIÓN BACTERIOLÓGICA O HISTOLÓGICA	21
A168 	OTRAS TUBERCULOSIS RESPIRATORIAS, SIN MENCION DE CONFIRMACION OTRAS TUBERCULOSIS RESPIRATORIAS, SIN MENCIÓN DE CONFIRMACIÓN	21
A169 	TUBERCULOSIS RESPIRATORIA NO ESPECIFICADA, S/MENCION DE CONFIRMAC. BACTERIOLOG. O HISTOLOGICA TUBERCULOSIS RESPIRATORIA NO ESPECIFICADA, S/MENCIÓN DE CONFIRMAC. BACTERIOLOG. O HISTOLÓGICA	923
B200 	ENFERMEDAD POR VIH, RESULTANTE EN INFECCION POR MICOBACTERIAS ENFERMEDAD POR VIH, RESULTANTE EN INFECCIÓN POR MICOBACTERIAS	1000
B201 	ENFERMEDAD POR VIH, RESULTANTE EN OTRAS INFECCIONES BACTERIANAS	610
B202 	ENFERMEDAD POR VIH, RESULTANTE EN ENFERMEDAD POR CITOMEGALOVIRUS	271
B203 	ENFERMEDAD POR VIH, RESULTANTE EN OTRAS INFECCIONES VIRALES	494
B204 	ENFERMEDAD POR VIH, RESULTANTE EN CANDIDIASIS	202
B205 	ENFERMEDAD POR VIH, RESULTANTE EN OTRAS MICOSIS	250
B206 	ENFERMEDAD POR VIH, RESULTANTE EN NEUMONIA POR PNEUMOCYSTIS CARINII ENFERMEDAD POR VIH, RESULTANTE EN NEUMONÍA POR PNEUMOCYSTIS CARINII	1896
B207 	ENFERMEDAD POR VIH, RESULTANTE EN INFECCIONES MULTIPLES ENFERMEDAD POR VIH, RESULTANTE EN INFECCIONES MÚLTIPLES	410
B208 	ENFERMEDAD POR VIH, RESULTANTE EN OTRAS ENFERMEDADES INFECCIOSAS O PARASITARIAS	1409
B209 	ENFERMEDAD POR VIH, RESULTANTE EN ENFERMEDAD INFECCIOSA O PARASITARIA NO ESPECIFICADA	580
B210 	ENFERMEDAD POR VIH, RESULTANTE EN SARCOMA DE KAPOSI	497
B211 	ENFERMEDAD POR VIH, RESULTANTE EN LINFOMA DE BURKITT	321
B212 	ENFERMEDAD POR VIH, RESULTANTE EN OTROS TIPOS DE LINFOMA NO HODGKIN	498
B213 	ENF POR VIH, RESULT.OTROS TUMORES MALIGNOS. TEJ. LINFOIDE, HEMATOPOYETICO Y TEJ. RELACIONADOS ENF POR VIH, RESULT.OTROS TUMORES MALIGNOS. TEJ. LINFOIDE, HEMATOPOYÉTICO Y TEJ. RELACIONADOS	107
B217 	ENFERMEDAD POR VIH, RESULTANTE EN TUMORES MALIGNOS MÚLTIPLES	18
B218 	ENFERMEDAD POR VIH, RESULTANTE EN OTROS TUMORES MALIGNOS	212
B219 	ENFERMEDAD POR VIH, RESULTANTE EN TUMORES MALIGNOS NO ESPECIFICADOS	50
B220 	ENFERMEDAD POR VIH, RESULTANTE EN ENCEFALOPATIA ENFERMEDAD POR VIH, RESULTANTE EN ENCEFALOPATÍA	205
B221 	ENFERMEDAD POR VIH, RESULTANTE EN NEUMONITIS LINFOIDE INTERSTICIAL	125
B222 	ENFERMEDAD POR VIH, RESULTANTE EN SINDROME CAQUECTICO ENFERMEDAD POR VIH, RESULTANTE EN SÍNDROME CAQUÉCTICO	129
B227 	ENFERMEDAD POR VIH, RESULTANTE EN ENFERMEDADES MULTIPLES CLASIFICADAS EN OTRA PARTE ENFERMEDAD POR VIH, RESULTANTE EN ENFERMEDADES MÚLTIPLES CLASIFICADAS EN OTRA PARTE	338
B230 	SINDROME DE INFECCION AGUDA DEBIDA A VIH SÍNDROME DE INFECCIÓN AGUDA DEBIDA A VIH	138
B231 	ENFERMEDAD POR VIH, RESULTANTE EN LINFADENOPATIA GENERALIZADA (PERSISTENTE)	70
B232 	ENFERMEDAD POR VIH, RESULTANTE EN ANORMALIDADES INMUNOLOGICAS Y HEMATOLOGICAS, NCOP ENFERMEDAD POR VIH, RESULTANTE EN ANORMALIDADES INMUNOLÓGICAS Y HEMATOLÓGICAS, NCOP	94
B238 	ENFERMEDAD POR VIH, RESULTANTE EN OTRAS AFECCIONES ESPECIFICADAS	2355
B24X 	ENFERMEDAD POR VIRUS DE LA INMUNODEFICIENCIA HUMANA (VIH), SIN OTRA ESPECIFICACION ENFERMEDAD POR VIRUS DE LA INMUNODEFICIENCIA HUMANA (VIH), SIN OTRA ESPECIFICACIÓN	4866
B250 	NEUMONITIS DEBIDA A VIRUS CITOMEGALICO	51
B251 	HEPATITIS DEBIDA A VIRUS CITOMEGALICO	41
B252 	PANCREATITIS DEBIDA A VIRUS CITOMEGALICO	7
B258 	OTRAS ENFERMEDADES DEBIDAS A VIRUS CITOMEGALICO	78
B259 	ENFERMEDAD POR VIRUS CITOMEGALICO, NO ESPECIFICADA	485
B440 	ASPERGILOSIS PULMONAR INVASIVA ASPERGILOSIS PULMÓNAR INVASIVA	50
B441 	OTRAS ASPERGILOSIS PULMONARES OTRAS ASPERGILOSIS PULMÓNARES	200
B447 	ASPERGILOSIS DISEMINADA	1
B448 	OTRAS FORMAS DE ASPERGILOSIS	19
B449 	ASPERGILOSIS, NO ESPECIFICADA	63
C110 	TUMOR MALIGNO DE LA PARED SUPERIOR DE LA NASOFARINGE	2
C111 	TUMOR MALIGNO DE LA PARED POSTERIOR DE LA NASOFARINGE	42
C112 	TUMOR MALIGNO DE LA PARED LATERAL DE LA NASOFARINGE	5
C113 	TUMOR MALIGNO DE LA PARED ANTERIOR DE LA NASOFARINGE	11
C118 	LESION (NEOPLASIA) DE SITIOS CONTIGUOS DE LA NASOFARINGE LESIÓN (NEOPLASIA) DE SITIOS CONTIGUOS DE LA NASOFARINGE	30
C119 	TUMOR MALIGNO DE LA NASOFARINGE, PARTE NO ESPECIFICADA	298
C12X 	TUMOR MALIGNO DEL SENO PIRIFORME	63
C180 	TUMOR MALIGNO DEL CIEGO	844
C181 	TUMOR MALIGNO DEL APENDICE CECAL TUMOR MALIGNO DEL APÉNDICE CECAL	521
C182 	TUMOR MALIGNO DEL COLON ASCENDENTE	1633
C183 	TUMOR MALIGNO DEL ANGULO HEPATICO TUMOR MALIGNO DEL ANGULO HEPÁTICO	316
C184 	TUMOR MALIGNO DEL COLON TRANSVERSO	768
C185 	TUMOR MALIGNO DEL ANGULO ESPLENICO TUMOR MALIGNO DEL ANGULO ESPLÉNICO	200
C186 	TUMOR MALIGNO DEL COLON DESCENDENTE	714
C187 	TUMOR MALIGNO DEL COLON SIGMOIDE	5744
C188 	LESION (NEOPLASIA) DE SITIOS CONTIGUOS DEL COLON LESIÓN (NEOPLASIA) DE SITIOS CONTIGUOS DEL COLON	183
C189 	TUMOR MALIGNO DEL COLON, PARTE NO ESPECIFICADA	27377
C220 	CARCINOMA DE CELULAS HEPATICAS CARCINOMA DE CÉLULAS HEPÁTICAS	3878
C221 	CARCINOMA DE VIAS BILIARES INTRAHEPATICAS CARCINOMA DE VÍAS BILIARES INTRAHEPATICAS	1517
C222 	HEPATOBLASTOMA	694
C223 	ANGIOSARCOMA DEL HIGADO ANGIOSARCOMA DEL HÍGADO	11
C224 	OTROS SARCOMAS DEL HIGADO OTROS SARCOMAS DEL HÍGADO	41
C227 	OTROS CARCINOMAS ESPECIFICADOS DEL HIGADO OTROS CARCINOMAS ESPECIFICADOS DEL HÍGADO	75
C229 	TUMOR MALIGNO DEL HIGADO, NO ESPECIFICADO TUMOR MALIGNO DEL HÍGADO, NO ESPECIFICADO	2250
C250 	TUMOR MALIGNO DE LA CABEZA DEL PANCREAS TUMOR MALIGNO DE LA CABEZA DEL PÁNCREAS	2678
C251 	TUMOR MALIGNO DEL CUERPO DEL PANCREAS TUMOR MALIGNO DEL CUERPO DEL PÁNCREAS	359
C252 	TUMOR MALIGNO DE LA COLA DEL PANCREAS TUMOR MALIGNO DE LA COLA DEL PÁNCREAS	421
C253 	TUMOR MALIGNO DEL CONDUCTO PANCREATICO TUMOR MALIGNO DEL CONDUCTO PANCREÁTICO	37
C254 	TUMOR MALIGNO DEL PANCREAS ENDOCRINO TUMOR MALIGNO DEL PÁNCREAS ENDOCRINO	431
C257 	TUMOR MALIGNO DE OTRAS PARTES ESPECIFICADAS DEL PANCREAS TUMOR MALIGNO DE OTRAS PARTES ESPECIFICADAS DEL PÁNCREAS	211
C258 	LESION (NEOPLASIA) DE SITIOS CONTIGUOS DEL PANCREAS LESIÓN (NEOPLASIA) DE SITIOS CONTIGUOS DEL PÁNCREAS	271
C259 	TUMOR MALIGNO DEL PANCREAS, PARTE NO ESPECIFICADA TUMOR MALIGNO DEL PÁNCREAS, PARTE NO ESPECIFICADA	9298
C300 	TUMOR MALIGNO DE LA FOSA NASAL	352
C301 	TUMOR MALIGNO DEL OIDO MEDIO TUMOR MALIGNO DEL OÍDO MEDIO	61
C310 	TUMOR MALIGNO DEL SENO MAXILAR	285
C311 	TUMOR MALIGNO DEL SENO ETMOIDAL	119
C312 	TUMOR MALIGNO DEL SENO FRONTAL	13
C313 	TUMOR MALIGNO DEL SENO ESFENOIDAL	36
C318 	LESION (NEOPLASIA) DE SITIOS CONTIGUOS DE LOS SENOS PARANASALES LESIÓN (NEOPLASIA) DE SITIOS CONTIGUOS DE LOS SENOS PARANASALES	28
C319 	TUMOR MALIGNO DE SENO PARANASAL NO ESPECIFICADO	105
C320 	TUMOR MALIGNO DE LA GLOTIS	390
C321 	TUMOR MALIGNO DE LA REGION SUPRAGLOTICA TUMOR MALIGNO DE LA REGIÓN SUPRAGLOTICA	145
C322 	TUMOR MALIGNO DE LA REGION SUBGLOTICA TUMOR MALIGNO DE LA REGIÓN SUBGLOTICA	46
C323 	TUMOR MALIGNO DEL CARTILAGO LARINGEO TUMOR MALIGNO DEL CARTÍLAGO LARÍNGEO	71
C328 	LESION (NEOPLASIA) DE SITIOS CONTIGUOS DE LA LARINGE LESIÓN (NEOPLASIA) DE SITIOS CONTIGUOS DE LA LARINGE	42
C329 	TUMOR MALIGNO DE LA LARINGE, PARTE NO ESPECIFICADA	2918
C33X 	TUMOR MALIGNO DE LA TRAQUEA TUMOR MALIGNO DE LA TRÁQUEA	115
C340 	TUMOR MALIGNO DEL BRONQUIO PRINCIPAL	888
C341 	TUMOR MALIGNO DEL LOBULO SUPERIOR, BRONQUIO O PULMON TUMOR MALIGNO DEL LÓBULO SUPERIOR, BRONQUIO O PULMÓN	2582
C342 	TUMOR MALIGNO DEL LOBULO MEDIO, BRONQUIO O PULMON TUMOR MALIGNO DEL LÓBULO MEDIO, BRONQUIO O PULMÓN	295
C343 	TUMOR MALIGNO DEL LOBULO INFERIOR, BRONQUIO O PULMON TUMOR MALIGNO DEL LÓBULO INFERIOR, BRONQUIO O PULMÓN	1597
C348 	LESION (NEOPLASIA) DE SITIOS CONTIGUOS DE LOS BRONQUIOS Y DEL PULMON LESIÓN (NEOPLASIA) DE SITIOS CONTIGUOS DE LOS BRONQUIOS Y DEL PULMÓN	326
C349 	TUMOR MALIGNO DE LOS BRONQUIOS O DEL PULMON, PARTE NO ESPECIFICADA TUMOR MALIGNO DE LOS BRONQUIOS O DEL PULMÓN, PARTE NO ESPECIFICADA	25379
C37X 	TUMOR MALIGNO DEL TIMO	381
C440 	TUMOR MALIGNO DE LA PIEL DEL LABIO	479
C441 	TUMOR MALIGNO DE LA PIEL DEL PARPADO, INCLUIDA LA COMISURA PALPEBRAL	953
C442 	TUMOR MALIGNO DE LA PIEL DE LA OREJA Y DEL CONDUCTO AUDITIVO EXTERNO	938
C443 	TUMOR MALIGNO DE LA PIEL DE OTRAS PARTES Y DE LAS NO ESPECIFICADAS DE LA CARA	4392
C444 	TUMOR MALIGNO DE LA PIEL DEL CUERO CABELLUDO Y DEL CUELLO	981
C445 	TUMOR MALIGNO DE LA PIEL DEL TRONCO	743
C446 	TUMOR MALIGNO DE LA PIEL DEL MIEMBRO SUPERIOR, INCLUIDO EL HOMBRO	447
C447 	TUMOR MALIGNO DE LA PIEL DEL MIEMBRO INFERIOR, INCLUIDA LA CADERA	611
C448 	LESION (NEOPLASICA) DE SITIOS CONTIGUOS DE LA PIEL (CUALQUIER LOCALIZACION) LESIÓN (NEOPLASICA) DE SITIOS CONTIGUOS DE LA PIEL (CUALQUIER LOCALIZACIÓN)	718
C449 	TUMOR MALIGNO DE LA PIEL, SITIO NO ESPECIFICADO	2932
C450 	MESOTELIOMA DE LA PLEURA	552
C451 	MESOTELIOMA DEL PERITONEO	43
C452 	MESOTELIOMA DEL PERICARDIO	11
C457 	MESOTELIOMA DE OTROS SITIOS ESPECIFICADOS	50
C459 	MESOTELIOMA, DE SITIO NO ESPECIFICADO	258
C770 	TUMOR MALIGNO (SECUNDARIO O NO ESPECIFICADO) DE GANGLIOS LINFATICOS DE CABEZA, CARA Y CUELLO TUMOR MALIGNO (SECUNDARIO O NO ESPECIFICADO) DE GANGLIOS LINFÁTICOS DE CABEZA, CARA Y CUELLO	406
C771 	TUMOR MALIGNO (SECUNDARIO O NO ESPECIFICADO) DE LOS GANGLIOS LINFATICOS INTRATORACICOS TUMOR MALIGNO (SECUNDARIO O NO ESPECIFICADO) DE LOS GANGLIOS LINFÁTICOS INTRATORACICOS	119
C772 	TUMOR MALIGNO (SECUNDARIO O NO ESPECIFICADO) DE LOS GANGLIOS LINFATICOS INTRAABDOMINALES TUMOR MALIGNO (SECUNDARIO O NO ESPECIFICADO) DE LOS GANGLIOS LINFÁTICOS INTRAABDOMINALES	411
C773 	TUMOR MALIGNO (SECUNDARIO O NO ESPECIFICADO) DE GANGLIOS LINFATICOS DE AXILA Y MIEMBRO SUP. TUMOR MALIGNO (SECUNDARIO O NO ESPECIFICADO) DE GANGLIOS LINFÁTICOS DE AXILA Y MIEMBRO SUP.	147
C774 	TUMOR MALIGNO (SECUNDARIO O NO ESPECIFICADO) DE GANGLIOS LINFAT. REG. INGUINAL Y MIEMBRO INF.	102
C775 	TUMOR MALIGNO (SECUNDARIO O NO ESPECIFICADO) DE LOS GANGLIOS LINFATICOS DE LA PELVIS TUMOR MALIGNO (SECUNDARIO O NO ESPECIFICADO) DE LOS GANGLIOS LINFÁTICOS DE LA PELVIS	51
C778 	TUMOR MALIGNO (SECUNDARIO O NO ESPECIFICADO) DE LOS GANGLIOS LINFATICOS DE REGIONES MULTIPLES TUMOR MALIGNO (SECUNDARIO O NO ESPECIFICADO) DE LOS GANGLIOS LINFÁTICOS DE REGIONES MÚLTIPLES	22
C779 	TUMOR MALIGNO (SECUNDARIO O NO ESPECIFICADO) DE GANGLIO LINFATICO, SITIO NO ESPECIFICADO TUMOR MALIGNO (SECUNDARIO O NO ESPECIFICADO) DE GANGLIO LINFÁTICO, SITIO NO ESPECIFICADO	102
C780 	TUMOR MALIGNO SECUNDARIO DEL PULMON TUMOR MALIGNO SECUNDARIO DEL PULMÓN	2710
C781 	TUMOR MALIGNO SECUNDARIO DEL MEDIASTINO	117
C782 	TUMOR MALIGNO SECUNDARIO DE LA PLEURA	1414
C783 	TUMOR MALIGNO SECUNDARIO DE OTROS ORGANOS RESPIRATORIOS Y DE LOS NO ESPECIFICADOS TUMOR MALIGNO SECUNDARIO DE OTROS ÓRGANOS RESPIRATORIOS Y DE LOS NO ESPECIFICADOS	71
C784 	TUMOR MALIGNO SECUNDARIO DEL INTESTINO DELGADO	95
C785 	TUMOR MALIGNO SECUNDARIO DEL INTESTINO GRUESO Y DEL RECTO	881
C786 	TUMOR MALIGNO SECUNDARIO DEL PERITONEO Y DEL RETROPERITONEO	2443
C787 	TUMOR MALIGNO SECUNDARIO DEL HIGADO Y CONDUCTO BILIAR INTRAHEPATICO TUMOR MALIGNO SECUNDARIO DEL HÍGADO Y CONDUCTO BILIAR INTRAHEPÁTICO	1974
C788 	TUMOR MALIGNO SECUNDARIO DE OTROS ORGANOS DIGESTIVOS Y DE LOS NO ESPECIFICADOS TUMOR MALIGNO SECUNDARIO DE OTROS ÓRGANOS DIGESTIVOS Y DE LOS NO ESPECIFICADOS	1322
C790 	TUMOR MALIGNO SECUNDARIO DEL RIÑON Y DE LA PELVIS RENAL TUMOR MALIGNO SECUNDARIO DEL RIÑÓN Y DE LA PELVIS RENAL	427
C791 	TUMOR MALIGNO SECUNDARIO DE LA VEJIGA, Y DE OTROS ORG.Y DE LOS NO ESPECIFIC. DE VIAS URINARIAS TUMOR MALIGNO SECUNDARIO DE LA VEJIGA, Y DE OTROS ORG.Y DE LOS NO ESPECIFIC. DE VÍAS URINARIAS	286
C792 	TUMOR MALIGNO SECUNDARIO DE LA PIEL	159
C793 	TUMOR MALIGNO SECUNDARIO DEL ENCEFALO Y DE LAS MENINGES CEREBRALES TUMOR MALIGNO SECUNDARIO DEL ENCÉFALO Y DE LAS MENINGES CEREBRALES	1963
C794 	TUMOR MALIGNO SECUNDARIO DE OTRAS PARTES Y DE LAS NO ESPECIFICADAS DEL SISTEMA NERVIOSO	273
C795 	TUMOR MALIGNO SECUNDARIO DE LOS HUESOS Y DE LA MEDULA OSEA TUMOR MALIGNO SECUNDARIO DE LOS HUESOS Y DE LA MEDULA ÓSEA	2299
C796 	TUMOR MALIGNO SECUNDARIO DEL OVARIO	215
C797 	TUMOR MALIGNO SECUNDARIO DE LA GLANDULA SUPRARRENAL TUMOR MALIGNO SECUNDARIO DE LA GLÁNDULA SUPRARRENAL	59
C798 	TUMOR MALIGNO SECUNDARIO DE OTROS SITIOS ESPECIFICADOS	2417
C799 	TUMOR MALIGNO SECUNDARIO DE SITIOS NO ESPECIFICADOS	73
C910 	LEUCEMIA LINFOBLASTICA AGUDA [ALL O LLA]	33593
C911 	LEUCEMIA LINFOCITICA CRONICA DE CELULAS DE CELULAS B LEUCEMIA LINFOCITICA CRÓNICA DE CÉLULAS DE CÉLULAS B	1593
C912 	LEUCEMIA LINFOCITICA SUBAGUDA	34
C913 	LEUCEMIA PROLINFOCITICA DE CELULAS B LEUCEMIA PROLINFOCITICA DE CÉLULAS B	75
C914 	LEUCEMIA DE CELULAS VELLOSAS LEUCEMIA DE CÉLULAS VELLOSAS	292
C915 	LEUCEMIA/LINFOMA DE CELULAS T ADULTAS (ASOCIADA A HTLV-1) LEUCEMIA/LINFOMA DE CÉLULAS T ADULTAS (ASOCIADA A HTLV-1)	250
C916 	LEUCEMIA POLIMORFOCITICA DE CELULAS T LEUCEMIA POLIMORFOCÍTICA DE CÉLULAS T	16
C917 	OTRAS LEUCEMIAS LINFOIDES	42
C918 	LEUCEMIA DE CÉLULAS B MADURAS TIPO BURKITT	12
C919 	LEUCEMIA LINFOIDE, SIN OTRA ESPECIFICACION LEUCEMIA LINFOIDE, SIN OTRA ESPECIFICACIÓN	419
C920 	LEUCEMIA MIELOBLASTICA AGUDA [AML O LMA] LEUCEMIA MIELOBLÁSTICA AGUDA [AML O LMA]	9203
C921 	LEUCEMIA MIELOIDE CRONICA [LMC], BCR/ABL-POSITIVA LEUCEMIA MIELOIDE CRÓNICA [LMC], BCR/ABL-POSITIVA	1364
C922 	LEUCEMIA MIELOIDE CRONICA ATIPICA, BCR/ABL-NEGATIVA LEUCEMIA MIELOIDE CRÓNICA ATÍPICA, BCR/ABL-NEGATIVA	60
C923 	SARCOMA MIELOIDE	244
C924 	LEUCEMIA PROMIELOCITICA AGUDA [PML O LPM] LEUCEMIA PROMIELOCÍTICA AGUDA [PML O LPM]	1191
C925 	LEUCEMIA MIELOMONOCITICA AGUDA LEUCEMIA MIELOMONOCÍTICA AGUDA	93
C926 	LEUCEMIA MIELOIDE AGUDA CON ANORMALIDAD 11Q23	15
C927 	OTRAS LEUCEMIAS MIELOIDES	137
C928 	LEUCEMIA MIELOIDE AGUDA CON DISPLASIA MULTILINAJE	39
C929 	LEUCEMIA MIELOIDE, SIN OTRA ESPECIFICACION LEUCEMIA MIELOIDE, SIN OTRA ESPECIFICACIÓN	791
C930 	LEUCEMIA MONOBLASTICA/MONOCITICA AGUDA LEUCEMIA MONOBLÁSTICA/MONOCÍTICA AGUDA	104
C931 	LEUCEMIA MIELOMONOCITICA CRONICA LEUCEMIA MIELOMONOCÍTICA CRÓNICA	38
C933 	LEUCEMIA MIELOMONOCÍTICA JUVENIL	9
C937 	OTRAS LEUCEMIAS MONOCITICAS	3
C939 	LEUCEMIA MONOCITICA, SIN OTRA ESPECIFICACION LEUCEMIA MONOCÍTICA, SIN OTRA ESPECIFICACIÓN	25
C940 	LEUCEMIA ERITROIDE AGUDA Y ERITROLEUCEMIA	30
C942 	LEUCEMIA MEGACARIOBLASTICA AGUDA	27
C944 	PANMIELOSIS AGUDA CON MIELOFIBROSIS	20
C945 	MIELOFIBROSIS AGUDA	10
C946 	ENFERMEDAD MIELODISPLASICA Y MIELOPROLIFERATIVA, NO CLASIFICADA ENFERMEDAD MIELODISPLÁSICA Y MIELOPROLIFERATIVA, NO CLASIFICADA	38
C947 	OTRAS LEUCEMIAS ESPECIFICADAS	48
C950 	LEUCEMIA AGUDA, CELULAS DE TIPO NO ESPECIFICADO LEUCEMIA AGUDA, CÉLULAS DE TIPO NO ESPECIFICADO	1137
C951 	LEUCEMIA CRONICA, CELULAS DE TIPO NO ESPECIFICADO LEUCEMIA CRÓNICA, CÉLULAS DE TIPO NO ESPECIFICADO	63
C957 	OTRAS LEUCEMIAS DE CELULAS DE TIPO NO ESPECIFICADO OTRAS LEUCEMIAS DE CÉLULAS DE TIPO NO ESPECIFICADO	30
C959 	LEUCEMIA, NO ESPECIFICADA	1267
D020 	CARCINOMA IN SITU DE LA LARINGE	55
D021 	CARCINOMA IN SITU DE LA TRÁQUEA	15
D022 	CARCINOMA IN SITU DEL BRONQUIO Y DEL PULMON CARCINOMA IN SITU DEL BRONQUIO Y DEL PULMÓN	225
D023 	CARCINOMA IN SITU DE OTRAS PARTES DEL SISTEMA RESPIRATORIO Y DEL OÍDO MEDIO	15
D024 	CARCINOMA IN SITU DE ORGANOS RESPIRATORIOS NO ESPECIFICADOS CARCINOMA IN SITU DE ÓRGANOS RESPIRATORIOS NO ESPECIFICADOS	14
D140 	TUMOR BENIGNO DEL OIDO MEDIO, DE LA CAVIDAD NASAL Y DE LOS SENOS PARANASALES TUMOR BENIGNO DEL OÍDO MEDIO, DE LA CAVIDAD NASAL Y DE LOS SENOS PARANASALES	488
D141 	TUMOR BENIGNO DE LA LARINGE	1249
D142 	TUMOR BENIGNO DE LA TRAQUEA TUMOR BENIGNO DE LA TRÁQUEA	29
D143 	TUMOR BENIGNO DE LOS BRONQUIOS Y DEL PULMON TUMOR BENIGNO DE LOS BRONQUIOS Y DEL PULMÓN	1001
D144 	TUMOR BENIGNO DEL SISTEMA RESPIRATORIO, SITIO NO ESPECIFICADO	33
E100 	DIABETES MELLITUS INSULINODEPENDIENTE CON COMA	683
E101 	DIABETES MELLITUS INSULINODEPENDIENTE CON CETOACIDOSIS	6020
E102 	DIABETES MELLITUS INSULINODEPENDIENTE CON COMPLICACIONES RENALES	367
E103 	DIABETES MELLITUS INSULINODEPENDIENTE CON COMPLICACIONES OFTALMICAS DIABETES MELLITUS INSULINODEPENDIENTE CON COMPLICACIONES OFTÁLMICAS	271
E104 	DIABETES MELLITUS INSULINODEPENDIENTE CON COMPLICACIONES NEUROLOGICAS DIABETES MELLITUS INSULINODEPENDIENTE CON COMPLICACIONES NEUROLÓGICAS	442
E105 	DIABETES MELLITUS INSULINODEPENDIENTE CON COMPLICACIONES CIRCULATORIAS PERIFERICAS DIABETES MELLITUS INSULINODEPENDIENTE CON COMPLICACIONES CIRCULATORIAS PERIFÉRICAS	1818
E106 	DIABETES MELLITUS INSULINODEPENDIENTE CON OTRAS COMPLICACIONES ESPECIFICADAS	925
E107 	DIABETES MELLITUS INSULINODEPENDIENTE CON COMPLICACIONES MULTIPLES DIABETES MELLITUS INSULINODEPENDIENTE CON COMPLICACIONES MÚLTIPLES	329
E108 	DIABETES MELLITUS INSULINODEPENDIENTE CON COMPLICACIONES NO ESPECIFICADAS	916
E109 	DIABETES MELLITUS INSULINODEPENDIENTE SIN MENCION DE COMPLICACION DIABETES MELLITUS INSULINODEPENDIENTE SIN MENCIÓN DE COMPLICACIÓN	6579
E110 	DIABETES MELLITUS NO INSULINODEPENDIENTE CON COMA	1845
E111 	DIABETES MELLITUS NO INSULINODEPENDIENTE CON CETOACIDOSIS	3240
E112 	DIABETES MELLITUS NO INSULINODEPENDIENTE CON COMPLICACIONES RENALES	1604
E113 	DIABETES MELLITUS NO INSULINODEPENDIENTE CON COMPLICACIONES OFTALMICAS DIABETES MELLITUS NO INSULINODEPENDIENTE CON COMPLICACIONES OFTÁLMICAS	1037
E114 	DIABETES MELLITUS NO INSULINODEPENDIENTE CON COMPLICACIONES NEUROLOGICAS DIABETES MELLITUS NO INSULINODEPENDIENTE CON COMPLICACIONES NEUROLÓGICAS	919
E115 	DIABETES MELLITUS NO INSULINODEPENDIENTE CON COMPLICACIONES CIRCULATORIAS PERIFERICAS DIABETES MELLITUS NO INSULINODEPENDIENTE CON COMPLICACIONES CIRCULATORIAS PERIFÉRICAS	11499
E116 	DIABETES MELLITUS NO INSULINODEPENDIENTE CON OTRAS COMPLICACIONES ESPECIFICADAS	3205
E117 	DIABETES MELLITUS NO INSULINODEPENDIENTE CON COMPLICACIONES MULTIPLES DIABETES MELLITUS NO INSULINODEPENDIENTE CON COMPLICACIONES MÚLTIPLES	1451
E118 	DIABETES MELLITUS NO INSULINODEPENDIENTE CON COMPLICACIONES NO ESPECIFICADAS	2511
E119 	DIABETES MELLITUS NO INSULINODEPENDIENTE SIN MENCION DE COMPLICACION DIABETES MELLITUS NO INSULINODEPENDIENTE SIN MENCIÓN DE COMPLICACIÓN	8484
E120 	DIABETES MELLITUS ASOCIADA CON DESNUTRICION, CON COMA DIABETES MELLITUS ASOCIADA CON DESNUTRICIÓN, CON COMA	14
E121 	DIABETES MELLITUS ASOCIADA CON DESNUTRICION, CON CETOACIDOSIS DIABETES MELLITUS ASOCIADA CON DESNUTRICIÓN, CON CETOACIDOSIS	971
E122 	DIABETES MELLITUS ASOCIADA CON DESNUTRICION, CON COMPLICACIONES RENALES DIABETES MELLITUS ASOCIADA CON DESNUTRICIÓN, CON COMPLICACIONES RENALES	14
E123 	DIABETES MELLITUS ASOCIADA CON DESNUTRICION, CON COMPLICACIONES OFTALMICAS DIABETES MELLITUS ASOCIADA CON DESNUTRICIÓN, CON COMPLICACIONES OFTÁLMICAS	3
E124 	DIABETES MELLITUS ASOCIADA CON DESNUTRICION, CON COMPLICACIONES NEUROLOGICAS DIABETES MELLITUS ASOCIADA CON DESNUTRICIÓN, CON COMPLICACIONES NEUROLÓGICAS	12
E125 	DIABETES MELLITUS ASOCIADA CON DESNUTRICION, CON COMPLICACIONES CIRCULATORIAS PERIFERICAS DIABETES MELLITUS ASOCIADA CON DESNUTRICIÓN, CON COMPLICACIONES CIRCULATORIAS PERIFÉRICAS	35
E126 	DIABETES MELLITUS ASOCIADA CON DESNUTRICIÓN, CON OTRAS COMPLICACIONES ESPECIFICADAS	29
E127 	DIABETES MELLITUS ASOCIADA CON DESNUTRICION, CON COMPLICACIONES MULTIPLES DIABETES MELLITUS ASOCIADA CON DESNUTRICIÓN, CON COMPLICACIONES MÚLTIPLES	20
E128 	DIABETES MELLITUS ASOCIADA CON DESNUTRICION, CON COMPLICACIONES NO ESPECIFICADAS DIABETES MELLITUS ASOCIADA CON DESNUTRICIÓN, CON COMPLICACIONES NO ESPECIFICADAS	20
E129 	DIABETES MELLITUS ASOCIADA CON DESNUTRICION, SIN MENCION DE COMPLICACION DIABETES MELLITUS ASOCIADA CON DESNUTRICIÓN, SIN MENCIÓN DE COMPLICACIÓN	45
E130 	OTRA DIABETES MELLITUS ESPECIFICADA, CON COMA	71
E131 	OTRA DIABETES MELLITUS ESPECIFICADA, CON CETOACIDOSIS	379
E132 	OTRA DIABETES MELLITUS ESPECIFICADA, CON COMPLICACIONES RENALES	145
E133 	OTRA DIABETES MELLITUS ESPECIFICADA, CON COMPLICACIONES OFTALMICAS OTRA DIABETES MELLITUS ESPECIFICADA, CON COMPLICACIONES OFTÁLMICAS	51
E134 	OTRA DIABETES MELLITUS ESPECIFICADA, CON COMPLICACIONES NEUROLOGICAS OTRA DIABETES MELLITUS ESPECIFICADA, CON COMPLICACIONES NEUROLÓGICAS	48
E135 	OTRA DIABETES MELLITUS ESPECIFICADA, CON COMPLICACIONES CIRCULATORIAS PERIFERICAS OTRA DIABETES MELLITUS ESPECIFICADA, CON COMPLICACIONES CIRCULATORIAS PERIFÉRICAS	2043
E136 	OTRA DIABETES MELLITUS ESPECIFICADA, CON OTRAS COMPLICACIONES ESPECIFICADAS	385
E137 	OTRA DIABETES MELLITUS ESPECIFICADA, CON COMPLICACIONES MULTIPLES OTRA DIABETES MELLITUS ESPECIFICADA, CON COMPLICACIONES MÚLTIPLES	103
E138 	OTRA DIABETES MELLITUS ESPECIFICADA, CON COMPLICACIONES NO ESPECIFICADAS	112
E139 	OTRA DIABETES MELLITUS ESPECIFICADA, SIN MENCION DE COMPLICACION OTRA DIABETES MELLITUS ESPECIFICADA, SIN MENCIÓN DE COMPLICACIÓN	639
E140 	DIABETES MELLITUS NO ESPECIFICADA, CON COMA	1261
E141 	DIABETES MELLITUS NO ESPECIFICADA, CON CETOACIDOSIS	4609
E142 	DIABETES MELLITUS NO ESPECIFICADA, CON COMPLICACIONES RENALES	1079
E143 	DIABETES MELLITUS NO ESPECIFICADA, CON COMPLICACIONES OFTALMICAS DIABETES MELLITUS NO ESPECIFICADA, CON COMPLICACIONES OFTÁLMICAS	1536
E144 	DIABETES MELLITUS NO ESPECIFICADA, CON COMPLICACIONES NEUROLOGICAS DIABETES MELLITUS NO ESPECIFICADA, CON COMPLICACIONES NEUROLÓGICAS	538
E145 	DIABETES MELLITUS NO ESPECIFICADA, CON COMPLICACIONES CIRCULATORIAS PERIFERICAS DIABETES MELLITUS NO ESPECIFICADA, CON COMPLICACIONES CIRCULATORIAS PERIFÉRICAS	29542
E146 	DIABETES MELLITUS NO ESPECIFICADA, CON OTRAS COMPLICACIONES ESPECIFICADAS	1183
E147 	DIABETES MELLITUS NO ESPECIFICADA, CON COMPLICACIONES MULTIPLES DIABETES MELLITUS NO ESPECIFICADA, CON COMPLICACIONES MÚLTIPLES	332
E148 	DIABETES MELLITUS NO ESPECIFICADA, CON COMPLICACIONES NO ESPECIFICADAS	2343
E149 	DIABETES MELLITUS NO ESPECIFICADA, SIN MENCION DE COMPLICACION DIABETES MELLITUS NO ESPECIFICADA, SIN MENCIÓN DE COMPLICACIÓN	15360
E15X 	COMA HIPOGLICEMICO NO DIABETICO COMA HIPOGLICEMICO NO DIABÉTICO	72
E160 	HIPOGLICEMIA SIN COMA, INDUCIDA POR DROGAS	2317
E161 	OTRAS HIPOGLICEMIAS	1054
E162 	HIPOGLICEMIA, NO ESPECIFICADA	12755
E163 	SECRECIÓN EXAGERADA DEL GLUCAGON	5
E164 	SECRECIÓN ANORMAL DE GASTRINA (ZOLLINGER-ELLISON)	7
E168 	OTROS TRASTORNOS ESPECIFICADOS DE LA SECRECION INTERNA DEL PANCREAS OTROS TRASTORNOS ESPECIFICADOS DE LA SECRECIÓN INTERNA DEL PÁNCREAS	32
E169 	TRASTORNOS DE LA SECRECION INTERNA DEL PANCREAS, SIN OTRA ESPECIFICACION TRASTORNOS DE LA SECRECIÓN INTERNA DEL PÁNCREAS, SIN OTRA ESPECIFICACIÓN	290
E240 	ENFERMEDAD DE CUSHING DEPENDIENTE DE LA HIPOFISIS ENFERMEDAD DE CUSHING DEPENDIENTE DE LA HIPÓFISIS	39
E241 	SÍNDROME DE NELSON	6
E242 	SINDROME DE CUSHING INDUCIDO POR DROGAS SÍNDROME DE CUSHING INDUCIDO POR DROGAS	27
E243 	SINDROME DE ACTH ECTOPICO SÍNDROME DE ACTH ECTÓPICO	6
E244 	SÍNDROME DE SEUDO-CUSHING INDUCIDO POR ALCOHOL	3
E248 	OTROS TIPOS DE SINDROME DE CUSHING OTROS TIPOS DE SÍNDROME DE CUSHING	20
E249 	SINDROME DE CUSHING, NO ESPECIFICADO SÍNDROME DE CUSHING, NO ESPECIFICADO	240
E270 	OTRA HIPERACTIVIDAD CORTICOSUPRARRENAL	7
E271 	INSUFICIENCIA CORTICOSUPRARRENAL PRIMARIA	259
E272 	CRISIS ADDISONIANA	98
E273 	INSUFICIENCIA CORTICOSUPRARRENAL INDUCIDA POR DROGAS	27
E274 	OTRAS INSUFICIENCIAS CORTICOSUPRARRENALES Y LAS NO ESPECIFICADAS	185
E275 	HIPERFUNCION DE LA MEDULA SUPRARRENAL HIPERFUNCIÓN DE LA MEDULA SUPRARRENAL	5
E278 	OTROS TRASTORNOS ESPECIFICADOS DE LA GLANDULA SUPRARRENAL OTROS TRASTORNOS ESPECIFICADOS DE LA GLÁNDULA SUPRARRENAL	214
E279 	TRASTORNO DE LA GLANDULA SUPRARRENAL, NO ESPECIFICADO TRASTORNO DE LA GLÁNDULA SUPRARRENAL, NO ESPECIFICADO	77
E720 	TRASTORNOS DEL TRANSPORTE DE LOS AMINOACIDOS TRASTORNOS DEL TRANSPORTE DE LOS AMINOÁCIDOS	37
E721 	TRASTORNOS DEL METABOLISMO DE LOS AMINOACIDOS AZUFRADOS TRASTORNOS DEL METABOLISMO DE LOS AMINOÁCIDOS AZUFRADOS	4
E722 	TRASTORNOS DEL METABOLISMO DEL CICLO DE LA UREA	183
E723 	TRASTORNOS DEL METABOLISMO DE LA LISINA Y DE LA HIDROXILISINA	258
E724 	TRASTORNOS DEL METABOLISMO DE LA ORNITINA	26
E725 	TRASTORNOS DEL METABOLISMO DE LA GLICINA	18
E728 	OTROS TRASTORNOS ESPECIFICADOS DEL METABOLISMO DE LOS AMINOACIDOS OTROS TRASTORNOS ESPECIFICADOS DEL METABOLISMO DE LOS AMINOÁCIDOS	34
E729 	TRASTORNO DEL METABOLISMO DE LOS AMINOÁCIDOS, NO ESPECIFICADO	17
F200 	ESQUIZOFRENIA PARANOIDE	9856
F201 	ESQUIZOFRENIA HEBEFRENICA	3095
F202 	ESQUIZOFRENIA CATATONICA	2004
F203 	ESQUIZOFRENIA INDIFERENCIADA	551
F204 	DEPRESION POSTESQUIZOFRENICA (ESQUIZOFRENIA)	289
F205 	ESQUIZOFRENIA RESIDUAL	1093
F206 	ESQUIZOFRENIA SIMPLE	389
F208 	OTRAS ESQUIZOFRENIAS	591
F209 	ESQUIZOFRENIA, NO ESPECIFICADA	9673
F310 	TRASTORNO AFECTIVO BIPOLAR, EPISODIO HIPOMANIACO PRESENTE	960
F311 	TRASTORNO AFECTIVO BIPOLAR, EPISODIO MANIACO PRESENTE SIN SINTOMAS PSICOTICOS TRASTORNO AFECTIVO BIPOLAR, EPISODIO MANIACO PRESENTE SIN SINTOMAS PSICÓTICOS	1870
F312 	TRASTORNO AFECTIVO BIPOLAR, EPISODIO MANIACO PRESENTE CON SINTOMAS PSICOTICOS TRASTORNO AFECTIVO BIPOLAR, EPISODIO MANIACO PRESENTE CON SINTOMAS PSICÓTICOS	2029
F313 	TRASTORNO AFECTIVO BIPOLAR, EPISODIO DEPRESIVO PRESENTE LEVE O MODERADO	834
F314 	TRASTORNO AFECTIVO BIPOLAR, EPISODIO DEPRESIVO GRAVE PRESENTE SIN SINTOMAS PSICOTICOS TRASTORNO AFECTIVO BIPOLAR, EPISODIO DEPRESIVO GRAVE PRESENTE SIN SINTOMAS PSICÓTICOS	1295
F315 	TRASTORNO AFECTIVO BIPOLAR, EPISODIO DEPRESIVO GRAVE PRESENTE CON SINTOMAS PSICOTICOS TRASTORNO AFECTIVO BIPOLAR, EPISODIO DEPRESIVO GRAVE PRESENTE CON SINTOMAS PSICÓTICOS	383
F316 	TRASTORNO AFECTIVO BIPOLAR, EPISODIO MIXTO PRESENTE	3504
F317 	TRASTORNO AFECTIVO BIPOLAR, ACTUALMENTE EN REMISION	412
F318 	OTROS TRASTORNOS AFECTIVOS BIPOLARES	821
F319 	TRASTORNO AFECTIVO BIPOLAR, NO ESPECIFICADO	7866
F320 	EPISODIO DEPRESIVO LEVE	2839
F321 	EPISODIO DEPRESIVO MODERADO	1589
F322 	EPISODIO DEPRESIVO GRAVE SIN SINTOMAS PSICOTICOS EPISODIO DEPRESIVO GRAVE SIN SINTOMAS PSICÓTICOS	15241
F323 	EPISODIO DEPRESIVO GRAVE CON SINTOMAS PSICOTICOS EPISODIO DEPRESIVO GRAVE CON SINTOMAS PSICÓTICOS	3225
F328 	OTROS EPISODIOS DEPRESIVOS	619
F329 	EPISODIO DEPRESIVO, NO ESPECIFICADO	15507
F330 	TRASTORNO DEPRESIVO RECURRENTE, EPISODIO LEVE PRESENTE	255
F331 	TRASTORNO DEPRESIVO RECURRENTE, EPISODIO MODERADO PRESENTE	299
F332 	TRASTORNO DEPRESIVO RECURRENTE, EPISODIO DEPRESIVO GRAVE PRESENTE SIN SINTOMAS PSICOTICOS TRASTORNO DEPRESIVO RECURRENTE, EPISODIO DEPRESIVO GRAVE PRESENTE SIN SINTOMAS PSICÓTICOS	2105
F333 	TRASTORNO DEPRESIVO RECURRENTE, EPISODIO DEPRESIVO GRAVE PRESENTE, CON SINTOMAS PSICOTICOS TRASTORNO DEPRESIVO RECURRENTE, EPISODIO DEPRESIVO GRAVE PRESENTE, CON SINTOMAS PSICÓTICOS	624
F334 	TRASTORNO DEPRESIVO RECURRENTE ACTUALMENTE EN REMISION	262
F338 	OTROS TRASTORNOS DEPRESIVOS RECURRENTES	105
F339 	TRASTORNO DEPRESIVO RECURRENTE, NO ESPECIFICADO	1593
G430 	MIGRAÑA SIN AURA (MIGRAÑA COMUN)	720
G431 	MIGRAÑA CON AURA (MIGRAÑA CLASICA)	1473
G432 	ESTADO MIGRAÑOSO	1746
G433 	MIGRAÑA COMPLICADA	481
G438 	OTRAS MIGRAÑAS	547
G439 	MIGRAÑA, NO ESPECIFICADA	4212
G440 	SINDROME DE CEFALEA EN RACIMOS	267
G441 	CEFALEA VASCULAR, NO CLASIFICADA EN OTRA PARTE	2033
G442 	CEFALEA DEBIDA A TENSION	1839
G443 	CEFALEA POSTRAUMATICA CRONICA	210
G444 	CEFALEA INDUCIDA POR DROGAS, NO CLASIFICADA EN OTRA PARTE	292
G448 	OTROS SINDROMES DE CEFALEA ESPECIFICADOS	2653
H040 	DACRIOADENITIS	70
H041 	OTROS TRASTORNOS DE LA GLANDULA LAGRIMAL	81
H042 	EPIFORA	70
H043 	INFLAMACION AGUDA Y LA NO ESPECIFICADA DE LAS VIAS LAGRIMALES INFLAMACION AGUDA Y LA NO ESPECIFICADA DE LAS VÍAS LAGRIMALES	836
H044 	INFLAMACION CRONICA DE LAS VIAS LAGRIMALES INFLAMACION CRONICA DE LAS VÍAS LAGRIMALES	289
H045 	ESTENOSIS E INSUFICIENCIA DE LAS VIAS LAGRIMALES ESTENOSIS E INSUFICIENCIA DE LAS VÍAS LAGRIMALES	4311
H046 	OTROS CAMBIOS DE LAS VIAS LAGRIMALES OTROS CAMBIOS DE LAS VÍAS LAGRIMALES	68
H048 	OTROS TRASTORNOS ESPECIFICADOS DEL APARATO LAGRIMAL	112
H049 	TRASTORNO DEL APARATO LAGRIMAL, NO ESPECIFICADO	259
H100 	CONJUNTIVITIS MUCOPURULENTA	30
H101 	CONJUNTIVITIS ATOPICA AGUDA	12
H102 	OTRAS CONJUNTIVITIS AGUDAS	17
H103 	CONJUNTIVITIS AGUDA, NO ESPECIFICADA	98
H104 	CONJUNTIVITIS CRONICA	49
H105 	BLEFAROCONJUNTIVITIS	275
H108 	OTRAS CONJUNTIVITIS	46
H109 	CONJUNTIVITIS, NO ESPECIFICADA	275
I110 	ENFERMEDAD CARDIACA HIPERTENSIVA CON INSUFICIENCIA CARDIACA (CONGESTIVA)	4262
I119 	ENFERMEDAD CARDIACA HIPERTENSIVA SIN INSUFICIENCIA CARDIACA (CONGESTIVA)	3459
I200 	ANGINA INESTABLE	27021
I201 	ANGINA DE PECHO CON ESPASMO DOCUMENTADO	472
I208 	OTRAS FORMAS ESPECIFICADAS DE ANGINA DE PECHO	809
I209 	ANGINA DE PECHO, NO ESPECIFICADA	8064
I210 	INFARTO TRANSMURAL AGUDO DEL MIOCARDIO DE LA PARED ANTERIOR	6869
I211 	INFARTO TRANSMURAL AGUDO DEL MIOCARDIO DE LA PARED INFERIOR	5806
I212 	INFARTO AGUDO TRANSMURAL DEL MIOCARDIO DE OTROS SITIOS	1302
I213 	INFARTO TRANSMURAL AGUDO DEL MIOCARDIO, DE SITIO NO ESPECIFICADO	1174
I214 	INFARTO SUBENDOCARDICO AGUDO DEL MIOCARDIO	8942
I219 	INFARTO AGUDO DEL MIOCARDIO, SIN OTRA ESPECIFICACION	43438
I220 	INFARTO SUBSECUENTE DEL MIOCARDIO DE LA PARED ANTERIOR	150
I221 	INFARTO SUBSECUENTE DEL MIOCARDIO DE LA PARED INFERIOR	219
I228 	INFARTO SUBSECUENTE DEL MIOCARDIO DE OTROS SITIOS	46
I229 	INFARTO SUBSECUENTE DEL MIOCARDIO, DE PARTE NO ESPECIFICADA	104
I250 	ENFERMEDAD CARDIOVASCULAR ATEROSCLEROTICA, ASI DESCRITA	151
I251 	ENFERMEDAD ATEROSCLEROTICA DEL CORAZON ENFERMEDAD ATEROSCLEROTICA DEL CORAZÓN	21924
I252 	INFARTO ANTIGUO DEL MIOCARDIO	628
I253 	ANEURISMA CARDIACO ANEURISMA CARDÍACO	145
I254 	ANEURISMA DE ARTERIA CORONARIA	125
I255 	CARDIOMIOPATIA ISQUEMICA	1376
I256 	ISQUEMIA SILENTE DEL MIOCARDIO	406
I258 	OTRAS FORMAS DE ENFERMEDAD ISQUEMICA CRONICA DEL CORAZON OTRAS FORMAS DE ENFERMEDAD ISQUEMICA CRONICA DEL CORAZÓN	373
I259 	ENFERMEDAD ISQUEMICA CRONICA DEL CORAZON, NO ESPECIFICADA ENFERMEDAD ISQUEMICA CRONICA DEL CORAZÓN, NO ESPECIFICADA	25221
I260 	EMBOLIA PULMONAR CON MENCION DE CORAZON PULMONAR AGUDO EMBOLIA PULMÓNAR CON MENCION DE CORAZÓN PULMÓNAR AGUDO	940
I269 	EMBOLIA PULMONAR SIN MENCION DE CORAZON PULMONAR AGUDO EMBOLIA PULMÓNAR SIN MENCION DE CORAZÓN PULMÓNAR AGUDO	18643
I420 	CARDIOMIOPATIA DILATADA	3403
I421 	CARDIOMIOPATIA HIPERTROFICA OBSTRUCTIVA	420
I422 	OTRAS CARDIOMIOPATIAS HIPERTROFICAS	776
I423 	ENFERMEDAD ENDOMIOCARDICA (EOSINOFILICA)	4
I424 	FIBROELASTOSIS ENDOCARDICA	116
I425 	OTRAS CARDIOMIOPATIAS RESTRICTIVAS	56
I426 	CARDIOMIOPATIA ALCOHOLICA	27
I427 	CARDIOMIOPATIA DEBIDA A DROGAS Y OTROS AGENTES EXTERNOS	20
I428 	OTRAS CARDIOMIOPATIAS	387
I429 	CARDIOMIOPATIA, NO ESPECIFICADA	2288
I630 	INFARTO CEREBRAL DEBIDO A TROMBOSIS DE ARTERIAS PRECEREBRALES	664
I631 	INFARTO CEREBRAL DEBIDO A EMBOLIA DE ARTERIAS PRECEREBRALES	388
I632 	INFARTO CEREBRAL DEBIDO A OCLUSION O ESTENOSIS NO ESPECIFICADA DE ARTERIAS PRECEREBRALES	835
I633 	INFARTO CEREBRAL DEBIDO A TROMBOSIS DE ARTERIAS CEREBRALES	6831
I634 	INFARTO CEREBRAL DEBIDO A EMBOLIA DE ARTERIAS CEREBRALES	3082
I635 	INFARTO CEREBRAL DEBIDO A OCLUSION O ESTENOSIS NO ESPECIFICADA DE ARTERIAS CEREBRALES	11434
I636 	INFARTO CEREBRAL DEBIDO A TROMBOSIS DE VENAS CEREBRALES, NO PIOGENO	268
I638 	OTROS INFARTOS CEREBRALES	6544
I639 	INFARTO CEREBRAL, NO ESPECIFICADO	14289
I64X 	ACCIDENTE VASCULAR ENCEFALICO AGUDO, NO ESPECIFICADO COMO HEMORRAGICO O ISQUEMICO	39579
I700 	ATEROSCLEROSIS DE LA AORTA	218
I701 	ATEROSCLEROSIS DE LA ARTERIA RENAL	637
I702 	ATEROSCLEROSIS DE LAS ARTERIAS DE LOS MIEMBROS	1793
I708 	ATEROSCLEROSIS DE OTRAS ARTERIAS	148
I709 	ATEROSCLEROSIS GENERALIZADA Y LA NO ESPECIFICADA	293
I710 	DISECCION DE AORTA (CUALQUIER PARTE)	2734
I711 	RUPTURA DE ANEURISMA DE LA AORTA TORACICA	170
I712 	ANEURISMA DE LA AORTA TORACICA, SIN MENCION DE RUPTURA	693
I713 	RUPTURA DE ANEURISMA DE LA AORTA ABDOMINAL	533
I714 	ANEURISMA DE LA AORTA ABDOMINAL, SIN MENCION DE RUPTURA	4067
I715 	RUPTURA DE ANEURISMA DE LA AORTA TORACOABDOMINAL	71
I716 	ANEURISMA DE LA AORTA TORACOABDOMINAL, SIN MENCION DE RUPTURA	201
I718 	RUPTURA DE ANEURISMA AORTICO, SITIO NO ESPECIFICADO	189
I719 	ANEURISMA DE LA AORTA, SITIO NO ESPECIFICADO, SIN MENCION DE RUPTURA	811
I740 	EMBOLIA Y TROMBOSIS DE LA AORTA ABDOMINAL	155
I741 	EMBOLIA Y TROMBOSIS DE OTRAS PORCIONES Y LAS NO ESPECIFICADAS DE LA AORTA	161
I742 	EMBOLIA Y TROMBOSIS DE ARTERIAS DE LOS MIEMBROS SUPERIORES	472
I743 	EMBOLIA Y TROMBOSIS DE ARTERIAS DE LOS MIEMBROS INFERIORES	5570
I744 	EMBOLIA Y TROMBOSIS DE ARTERIAS DE LOS MIEMBROS, NO ESPECIFICADAS	270
I745 	EMBOLIA Y TROMBOSIS DE ARTERIA ILIACA	322
I748 	EMBOLIA Y TROMBOSIS DE OTRAS ARTERIAS	339
I749 	EMBOLIA Y TROMBOSIS DE ARTERIA NO ESPECIFICADA	816
J010 	SINUSITIS MAXILAR AGUDA	755
J011 	SINUSITIS FRONTAL AGUDA	159
J012 	SINUSITIS ETMOIDAL AGUDA	348
J013 	SINUSITIS ESFENOIDAL AGUDA	126
J014 	PANSINUSITIS AGUDA	1080
J018 	OTRAS SINUSITIS AGUDAS	423
J019 	SINUSITIS AGUDA, NO ESPECIFICADA	2203
J121 	NEUMONIA DEBIDA A VIRUS SINCICIAL RESPIRATORIO	48759
J122 	NEUMONIA DEBIDA A VIRUS PARAINFLUENZA	3132
J123 	NEUMONIA DEBIDA A METANEUMOVIRUS HUMANO NEUMONÍA DEBIDA A METANEUMOVIRUS HUMANO	2138
J128 	NEUMONIA DEBIDA A OTROS VIRUS	13263
J129 	NEUMONIA VIRAL, NO ESPECIFICADA (VIRUS)	58130
J13X 	NEUMONIA DEBIDA A STREPTOCOCCUS PNEUMONIAE	2549
J14X 	NEUMONIA DEBIDA A HAEMOPHILUS INFLUENZAE	488
J150 	NEUMONIA DEBIDA A KLEBSIELLA PNEUMONIAE	642
J151 	NEUMONIA DEBIDA A PSEUDOMONAS	461
J152 	NEUMONIA DEBIDA A ESTAFILOCOCOS	474
J153 	NEUMONIA DEBIDA A ESTREPTOCOCOS DEL GRUPO B	34
J154 	NEUMONIA DEBIDA A OTROS ESTREPTOCOCOS	177
J155 	NEUMONIA DEBIDA A ESCHERICHIA COLI	88
J156 	NEUMONIA DEBIDA A OTRAS BACTERIAS AEROBICAS GRAMNEGATIVAS NEUMONÍA DEBIDA A OTRAS BACTERIAS GRAMNEGATIVAS	160
J157 	NEUMONIA DEBIDA A MYCOPLASMA PNEUMONIAE	5659
J158 	OTRAS NEUMONIAS BACTERIANAS	4114
J159 	NEUMONIA BACTERIANA, NO ESPECIFICADA	35329
J160 	NEUMONIA DEBIDA A CLAMIDIAS	135
J168 	NEUMONIA DEBIDA A OTROS MICROORGANISMOS INFECCIOSOS ESPECIFICADOS	514
J180 	BRONCONEUMONIA, NO ESPECIFICADA	37578
J181 	NEUMONIA LOBAR, NO ESPECIFICADA	18218
J182 	NEUMONIA HIPOSTATICA, NO ESPECIFICADA	266
J188 	OTRAS NEUMONIAS, DE MICROORGANISMO NO ESPECIFICADO	8731
J189 	NEUMONIA, NO ESPECIFICADA	173847
J200 	BRONQUITIS AGUDA DEBIDA A MYCOPLASMA PNEUMONIAE	808
J201 	BRONQUITIS AGUDA DEBIDA A HAEMOPHILUS INFLUENZAE	158
J202 	BRONQUITIS AGUDA DEBIDA A ESTREPTOCOCOS	74
J203 	BRONQUITIS AGUDA DEBIDA A VIRUS COXSACKIE	18
J204 	BRONQUITIS AGUDA DEBIDA A VIRUS PARAINFLUENZA	1023
J205 	BRONQUITIS AGUDA DEBIDA A VIRUS SINCITIAL RESPIRATORIO	10702
J206 	BRONQUITIS AGUDA DEBIDA A RINOVIRUS	1883
J207 	BRONQUITIS AGUDA DEBIDA A VIRUS ECHO	7
J208 	BRONQUITIS AGUDA DEBIDA A OTROS MICROORGANISMOS ESPECIFICADOS	1861
J209 	BRONQUITIS AGUDA, NO ESPECIFICADO	38773
J210 	BRONQUIOLITIS AGUDA DEBIDA A VIRUS SINCITIAL RESPIRATORIO	22796
J211 	BRONQUIOLITIS AGUDA DEBIDA A METANEUMOVIRUS HUMANO	668
J218 	BRONQUIOLITIS AGUDA DEBIDA A OTROS MICROORGANISMOS ESPECIFICADOS	1897
J219 	BRONQUIOLITIS AGUDA, NO ESPECIFICADA	26413
J40X 	BRONQUITIS, NO ESPECIFICADA COMO AGUDA O CRONICA	3168
J410 	BRONQUITIS CRONICA SIMPLE	130
J411 	BRONQUITIS CRONICA MUCOPURULENTA	181
J418 	BRONQUITIS CRONICA MIXTA SIMPLE Y MUCOPURULENTA	31
J42X 	BRONQUITIS CRONICA NO ESPECIFICADA	347
J430 	SINDROME DE MACLEOD	10
J431 	ENFISEMA PANLOBULAR	15
J432 	ENFISEMA CENTROLOBULAR	65
J438 	OTROS TIPOS DE ENFISEMA	71
J439 	ENFISEMA, NO ESPECIFICADO	809
J440 	ENFERMEDAD PULMONAR OBSTRUCTIVA CRONICA C/INFECC. AG.DE VIAS RESPIRATORIAS INFERIORES ENFERMEDAD PULMÓNAR OBSTRUCTIVA CRONICA C/INFECC. AG.DE VÍAS RESPIRATORIAS INFERIORES	8677
J441 	ENFERMEDAD PULMONAR OBSTRUCTIVA CRONICA CON EXACERBACION AGUDA, NO ESPECIFICADA ENFERMEDAD PULMÓNAR OBSTRUCTIVA CRONICA CON EXACERBACION AGUDA, NO ESPECIFICADA	12603
J448 	OTRAS ENFERMEDADES PULMONARES OBSTRUCTIVAS CRONICAS ESPECIFICADAS OTRAS ENFERMEDADES PULMÓNARES OBSTRUCTIVAS CRÓNICAS ESPECIFICADAS	33038
J449 	ENFERMEDAD PULMONAR OBSTRUCTIVA CRONICA, NO ESPECIFICADA ENFERMEDAD PULMÓNAR OBSTRUCTIVA CRONICA, NO ESPECIFICADA	38727
J450 	ASMA PREDOMINANTEMENTE ALERGICA	1976
J451 	ASMA NO ALERGICA	161
J458 	ASMA MIXTA	199
J459 	ASMA, NO ESPECIFICADO	22702
J46X 	ESTADO ASMATICO	10211
J47X 	BRONQUIECTASIA	2809
J680 	BRONQUITIS Y NEUMONITIS DEBIDAS A INHALACION DE GASES, HUMOS, VAPORES Y SUSTANCIAS QUIMICAS BRONQUITIS Y NEUMONITIS DEBIDAS A INHALACION DE GASES, HUMOS, VAPORES Y SUSTANCIAS QUÍMICAS	190
J681 	EDEMA PULMONAR AGUDO DEBIDO A INHALACION DE GASES, HUMOS, VAPORES Y SUSTANCIAS QUIMICAS EDEMA PULMÓNAR AGUDO DEBIDO A INHALACION DE GASES, HUMOS, VAPORES Y SUSTANCIAS QUÍMICAS	32
J682 	INFLAMAC.RESPIRAT.SUP. DEB.A INHALAC. GASES, HUMOS, VAPORES Y SUST. QUIMICAS, NCOP INFLAMAC.RESPIRAT.SUP. DEB.A INHALAC. GASES, HUMOS, VAPORES Y SUST. QUÍMICAS, NCOP	7
J683 	OTRAS AFECC.RESPIRAT.AG. Y SUBAG. DEB. A INHALAC.DE GASES, HUMOS, VAPORES Y SUST. QUIMICAS OTRAS AFECC.RESPIRAT.AG. Y SUBAG. DEB. A INHALAC.DE GASES, HUMOS, VAPORES Y SUST. QUÍMICAS	16
J684 	AFECCIONES RESPIRAT.CRONICAS DEB.A INHALAC. DE GASES, HUMOS, VAPORES Y SUSTANCIAS QUIMICAS AFECCIONES RESPIRAT.CRÓNICAS DEB.A INHALAC. DE GASES, HUMOS, VAPORES Y SUSTANCIAS QUÍMICAS	34
J688 	OTRAS AFECC.RESPIRAT.DEB. A INHALACION DE GASES, HUMOS, VAPORES Y SUSTANCIAS QUIMICAS OTRAS AFECC.RESPIRAT.DEB. A INHALACION DE GASES, HUMOS, VAPORES Y SUSTANCIAS QUÍMICAS	23
J689 	AFECC.RESPIRAT.NO ESPECIFIC., DEB. A INHALACION DE GASES, HUMOS, VAPORES Y SUSTANCIAS QUIMICAS AFECC.RESPIRAT.NO ESPECIFIC., DEB. A INHALACION DE GASES, HUMOS, VAPORES Y SUSTANCIAS QUÍMICAS	50
J82X 	EOSINOFILIA PULMONAR, NO CLASIFICADA EN OTRA PARTE EOSINOFILIA PULMÓNAR, NO CLASIFICADA EN OTRA PARTE	170
J930 	NEUMOTORAX ESPONTANEO A PRESION	614
J931 	OTROS TIPOS DE NEUMOTORAX ESPONTANEO	4482
J938 	OTROS NEUMOTORAX	476
J939 	NEUMOTORAX, NO ESPECIFICADO	4561
T400 	ENVENENAMIENTO POR OPIO	18
T402 	ENVENENAMIENTO POR OTROS OPIACEOS	103
T403 	ENVENENAMIENTO POR METADONA	13
T404 	ENVENENAMIENTO POR OTROS NARCOTICOS SINTETICOS ENVENENAMIENTO POR OTROS NARCÓTICOS SINTETICOS	73
T405 	ENVENENAMIENTO POR COCAINA	485
T406 	ENVENENAMIENTO POR OTROS NARCOTICOS Y POR LOS NO ESPECIFICADOS ENVENENAMIENTO POR OTROS NARCÓTICOS Y POR LOS NO ESPECIFICADOS	28
T407 	ENVENENAMIENTO POR CANNABIS (DERIVADOS)	75
T408 	ENVENENAMIENTO POR ACIDO LISERGICO (LSD)	10
T409 	ENVENENAMIENTO POR OTROS PSICODISLEPTICOS Y POR LOS NO ESPECIFICADOS (ALUCINOGENOS)	41
